Video, Frame ID, hole count, invalid_percentage, speckle_percentage, incomplete, time_spent_ms  speckleRange
/home/benjamin/Master_Thesis_Workspace/Data/Video_Data/Short_Objects_bottom.mkv,0, 1, 99.577, -nan, 1, 300, 0
/home/benjamin/Master_Thesis_Workspace/Data/Video_Data/Short_Objects_bottom.mkv,1, 1, 99.5577, -nan, 1, 300, 0
/home/benjamin/Master_Thesis_Workspace/Data/Video_Data/Short_Objects_bottom.mkv,2, 1, 99.5372, -nan, 1, 300, 0
/home/benjamin/Master_Thesis_Workspace/Data/Video_Data/Short_Objects_bottom.mkv,3, 1, 99.5761, -nan, 1, 300, 0
/home/benjamin/Master_Thesis_Workspace/Data/Video_Data/Short_Objects_bottom.mkv,4, 2, 99.4814, 0, 1, 300, 0
/home/benjamin/Master_Thesis_Workspace/Data/Video_Data/Short_Objects_bottom.mkv,5, 82, 93.2681, 0, 1, 300, 0
/home/benjamin/Master_Thesis_Workspace/Data/Video_Data/Short_Objects_bottom.mkv,6, 1, 99.335, -nan, 1, 298, 0
/home/benjamin/Master_Thesis_Workspace/Data/Video_Data/Short_Objects_bottom.mkv,7, 1, 98.7848, -nan, 1, 300, 0
/home/benjamin/Master_Thesis_Workspace/Data/Video_Data/Short_Objects_bottom.mkv,8, 1, 98.2869, 0, 1, 300, 0
/home/benjamin/Master_Thesis_Workspace/Data/Video_Data/Short_Objects_bottom.mkv,9, 1, 98.4393, -nan, 1, 300, 0
/home/benjamin/Master_Thesis_Workspace/Data/Video_Data/Short_Objects_bottom.mkv,10, 1, 98.2753, -nan, 1, 300, 0
/home/benjamin/Master_Thesis_Workspace/Data/Video_Data/Short_Objects_bottom.mkv,11, 1, 98.3716, -nan, 1, 300, 0
/home/benjamin/Master_Thesis_Workspace/Data/Video_Data/Short_Objects_bottom.mkv,12, 3, 98.0022, 0, 1, 300, 0
/home/benjamin/Master_Thesis_Workspace/Data/Video_Data/Short_Objects_bottom.mkv,13, 1, 98.2018, -nan, 1, 300, 0
/home/benjamin/Master_Thesis_Workspace/Data/Video_Data/Short_Objects_bottom.mkv,14, 1, 98.2519, -nan, 1, 300, 0
/home/benjamin/Master_Thesis_Workspace/Data/Video_Data/Short_Objects_bottom.mkv,15, 1, 98.3651, -nan, 1, 300, 0
/home/benjamin/Master_Thesis_Workspace/Data/Video_Data/Short_Objects_bottom.mkv,16, 1, 98.4988, -nan, 1, 300, 0
/home/benjamin/Master_Thesis_Workspace/Data/Video_Data/Short_Objects_bottom.mkv,17, 1, 98.8938, -nan, 1, 301, 0
/home/benjamin/Master_Thesis_Workspace/Data/Video_Data/Short_Objects_bottom.mkv,18, 1, 98.6465, -nan, 1, 300, 0
/home/benjamin/Master_Thesis_Workspace/Data/Video_Data/Short_Objects_bottom.mkv,19, 1, 98.6487, -nan, 1, 300, 0
/home/benjamin/Master_Thesis_Workspace/Data/Video_Data/Short_Objects_bottom.mkv,20, 1, 99.0421, -nan, 1, 301, 0
/home/benjamin/Master_Thesis_Workspace/Data/Video_Data/Short_Objects_bottom.mkv,21, 1, 98.7139, -nan, 1, 300, 0
/home/benjamin/Master_Thesis_Workspace/Data/Video_Data/Short_Objects_bottom.mkv,22, 1, 98.8699, -nan, 1, 300, 0
/home/benjamin/Master_Thesis_Workspace/Data/Video_Data/Short_Objects_bottom.mkv,23, 1, 99.1017, -nan, 1, 301, 0
/home/benjamin/Master_Thesis_Workspace/Data/Video_Data/Short_Objects_bottom.mkv,24, 1, 98.9877, -nan, 1, 300, 0
/home/benjamin/Master_Thesis_Workspace/Data/Video_Data/Short_Objects_bottom.mkv,25, 1, 99.2697, -nan, 1, 301, 0
/home/benjamin/Master_Thesis_Workspace/Data/Video_Data/Short_Objects_bottom.mkv,26, 1, 99.0376, -nan, 1, 301, 0
/home/benjamin/Master_Thesis_Workspace/Data/Video_Data/Short_Objects_bottom.mkv,27, 1, 98.987, -nan, 1, 300, 0
/home/benjamin/Master_Thesis_Workspace/Data/Video_Data/Short_Objects_bottom.mkv,28, 1, 98.9765, -nan, 1, 299, 0
/home/benjamin/Master_Thesis_Workspace/Data/Video_Data/Short_Objects_bottom.mkv,29, 1, 99.0017, -nan, 1, 300, 0
/home/benjamin/Master_Thesis_Workspace/Data/Video_Data/Short_Objects_bottom.mkv,30, 1, 98.9833, -nan, 1, 300, 0
/home/benjamin/Master_Thesis_Workspace/Data/Video_Data/Short_Objects_bottom.mkv,31, 1, 98.8922, -nan, 1, 300, 0
/home/benjamin/Master_Thesis_Workspace/Data/Video_Data/Short_Objects_bottom.mkv,32, 1, 99.0041, -nan, 1, 311, 0
/home/benjamin/Master_Thesis_Workspace/Data/Video_Data/Short_Objects_bottom.mkv,33, 1, 98.7156, -nan, 1, 301, 0
/home/benjamin/Master_Thesis_Workspace/Data/Video_Data/Short_Objects_bottom.mkv,34, 4, 98.9113, 0, 1, 300, 0
/home/benjamin/Master_Thesis_Workspace/Data/Video_Data/Short_Objects_bottom.mkv,35, 1, 98.5097, -nan, 1, 300, 0
/home/benjamin/Master_Thesis_Workspace/Data/Video_Data/Short_Objects_bottom.mkv,36, 1, 98.5476, -nan, 1, 300, 0
/home/benjamin/Master_Thesis_Workspace/Data/Video_Data/Short_Objects_bottom.mkv,37, 1, 98.4784, -nan, 1, 300, 0
/home/benjamin/Master_Thesis_Workspace/Data/Video_Data/Short_Objects_bottom.mkv,38, 1, 98.3697, -nan, 1, 300, 0
/home/benjamin/Master_Thesis_Workspace/Data/Video_Data/Short_Objects_bottom.mkv,39, 1, 98.5268, -nan, 1, 300, 0
/home/benjamin/Master_Thesis_Workspace/Data/Video_Data/Short_Objects_bottom.mkv,40, 1, 99.0386, -nan, 1, 301, 0
/home/benjamin/Master_Thesis_Workspace/Data/Video_Data/Short_Objects_bottom.mkv,41, 1, 99.0141, -nan, 1, 301, 0
/home/benjamin/Master_Thesis_Workspace/Data/Video_Data/Short_Objects_bottom.mkv,42, 1, 99.3096, -nan, 1, 300, 0
/home/benjamin/Master_Thesis_Workspace/Data/Video_Data/Short_Objects_bottom.mkv,43, 1, 99.3792, -nan, 1, 300, 0
/home/benjamin/Master_Thesis_Workspace/Data/Video_Data/Short_Objects_bottom.mkv,44, 1, 99.2214, -nan, 1, 301, 0
/home/benjamin/Master_Thesis_Workspace/Data/Video_Data/Short_Objects_bottom.mkv,45, 1, 99.245, -nan, 1, 300, 0
/home/benjamin/Master_Thesis_Workspace/Data/Video_Data/Short_Objects_bottom.mkv,46, 1, 99.2264, -nan, 1, 301, 0
/home/benjamin/Master_Thesis_Workspace/Data/Video_Data/Short_Objects_bottom.mkv,47, 1, 99.2702, -nan, 1, 301, 0
/home/benjamin/Master_Thesis_Workspace/Data/Video_Data/Short_Objects_bottom.mkv,48, 1, 99.2573, -nan, 1, 301, 0
/home/benjamin/Master_Thesis_Workspace/Data/Video_Data/Short_Objects_bottom.mkv,49, 1, 99.2995, -nan, 1, 301, 0
/home/benjamin/Master_Thesis_Workspace/Data/Video_Data/Short_Objects_bottom.mkv,0, 963, 40.1976, 82.0494, 0, 299, 1
/home/benjamin/Master_Thesis_Workspace/Data/Video_Data/Short_Objects_bottom.mkv,1, 994, 39.3794, 78.0543, 0, 298, 1
/home/benjamin/Master_Thesis_Workspace/Data/Video_Data/Short_Objects_bottom.mkv,2, 997, 38.5541, 80.8221, 0, 299, 1
/home/benjamin/Master_Thesis_Workspace/Data/Video_Data/Short_Objects_bottom.mkv,3, 1016, 38.1856, 84.4918, 0, 298, 1
/home/benjamin/Master_Thesis_Workspace/Data/Video_Data/Short_Objects_bottom.mkv,4, 1044, 35.5357, 86.1248, 0, 298, 1
/home/benjamin/Master_Thesis_Workspace/Data/Video_Data/Short_Objects_bottom.mkv,5, 847, 44.0264, 81.8541, 1, 299, 1
/home/benjamin/Master_Thesis_Workspace/Data/Video_Data/Short_Objects_bottom.mkv,6, 994, 33.9505, 89.8561, 0, 297, 1
/home/benjamin/Master_Thesis_Workspace/Data/Video_Data/Short_Objects_bottom.mkv,7, 1111, 31.4791, 89.8912, 0, 297, 1
/home/benjamin/Master_Thesis_Workspace/Data/Video_Data/Short_Objects_bottom.mkv,8, 1053, 31.0001, 88.6563, 0, 298, 1
/home/benjamin/Master_Thesis_Workspace/Data/Video_Data/Short_Objects_bottom.mkv,9, 1095, 29.0371, 88.4552, 0, 297, 1
/home/benjamin/Master_Thesis_Workspace/Data/Video_Data/Short_Objects_bottom.mkv,10, 1160, 28.0556, 87.678, 0, 297, 1
/home/benjamin/Master_Thesis_Workspace/Data/Video_Data/Short_Objects_bottom.mkv,11, 1218, 27.9823, 92.358, 0, 297, 1
/home/benjamin/Master_Thesis_Workspace/Data/Video_Data/Short_Objects_bottom.mkv,12, 1246, 27.3072, 91.5543, 0, 297, 1
/home/benjamin/Master_Thesis_Workspace/Data/Video_Data/Short_Objects_bottom.mkv,13, 1274, 27.219, 92.4179, 0, 297, 1
/home/benjamin/Master_Thesis_Workspace/Data/Video_Data/Short_Objects_bottom.mkv,14, 1197, 27.7342, 92.0919, 0, 297, 1
/home/benjamin/Master_Thesis_Workspace/Data/Video_Data/Short_Objects_bottom.mkv,15, 1251, 27.3845, 92.6425, 0, 297, 1
/home/benjamin/Master_Thesis_Workspace/Data/Video_Data/Short_Objects_bottom.mkv,16, 1239, 26.763, 91.4394, 0, 296, 1
/home/benjamin/Master_Thesis_Workspace/Data/Video_Data/Short_Objects_bottom.mkv,17, 1327, 27.7921, 87.0157, 0, 297, 1
/home/benjamin/Master_Thesis_Workspace/Data/Video_Data/Short_Objects_bottom.mkv,18, 1306, 26.4308, 92.1006, 0, 297, 1
/home/benjamin/Master_Thesis_Workspace/Data/Video_Data/Short_Objects_bottom.mkv,19, 1393, 28.2425, 96.2764, 0, 297, 1
/home/benjamin/Master_Thesis_Workspace/Data/Video_Data/Short_Objects_bottom.mkv,20, 1392, 27.2545, 91.4342, 0, 297, 1
/home/benjamin/Master_Thesis_Workspace/Data/Video_Data/Short_Objects_bottom.mkv,21, 1322, 27.6591, 92.0844, 0, 297, 1
/home/benjamin/Master_Thesis_Workspace/Data/Video_Data/Short_Objects_bottom.mkv,22, 1301, 27.3011, 92.2956, 0, 296, 1
/home/benjamin/Master_Thesis_Workspace/Data/Video_Data/Short_Objects_bottom.mkv,23, 1350, 28.2887, 91.5252, 0, 297, 1
/home/benjamin/Master_Thesis_Workspace/Data/Video_Data/Short_Objects_bottom.mkv,24, 1386, 26.8658, 92.2367, 0, 297, 1
/home/benjamin/Master_Thesis_Workspace/Data/Video_Data/Short_Objects_bottom.mkv,25, 1334, 27.0172, 92.1215, 0, 296, 1
/home/benjamin/Master_Thesis_Workspace/Data/Video_Data/Short_Objects_bottom.mkv,26, 1322, 27.5917, 91.8988, 0, 296, 1
/home/benjamin/Master_Thesis_Workspace/Data/Video_Data/Short_Objects_bottom.mkv,27, 1327, 27.0483, 86.0933, 0, 297, 1
/home/benjamin/Master_Thesis_Workspace/Data/Video_Data/Short_Objects_bottom.mkv,28, 1286, 28.9303, 86.9329, 0, 296, 1
/home/benjamin/Master_Thesis_Workspace/Data/Video_Data/Short_Objects_bottom.mkv,29, 1256, 28.9369, 94.2959, 0, 297, 1
/home/benjamin/Master_Thesis_Workspace/Data/Video_Data/Short_Objects_bottom.mkv,30, 1325, 29.6319, 87.3545, 0, 297, 1
/home/benjamin/Master_Thesis_Workspace/Data/Video_Data/Short_Objects_bottom.mkv,31, 1275, 28.8058, 91.1882, 0, 297, 1
/home/benjamin/Master_Thesis_Workspace/Data/Video_Data/Short_Objects_bottom.mkv,32, 1238, 29.045, 88.1126, 0, 297, 1
/home/benjamin/Master_Thesis_Workspace/Data/Video_Data/Short_Objects_bottom.mkv,33, 1296, 28.3725, 87.533, 0, 297, 1
/home/benjamin/Master_Thesis_Workspace/Data/Video_Data/Short_Objects_bottom.mkv,34, 1324, 30.3442, 91.7222, 0, 302, 1
/home/benjamin/Master_Thesis_Workspace/Data/Video_Data/Short_Objects_bottom.mkv,35, 1222, 28.0968, 92.9195, 0, 301, 1
/home/benjamin/Master_Thesis_Workspace/Data/Video_Data/Short_Objects_bottom.mkv,36, 1291, 28.2896, 93.9456, 0, 301, 1
/home/benjamin/Master_Thesis_Workspace/Data/Video_Data/Short_Objects_bottom.mkv,37, 1370, 27.5304, 92.8824, 0, 302, 1
/home/benjamin/Master_Thesis_Workspace/Data/Video_Data/Short_Objects_bottom.mkv,38, 1269, 28.8533, 93.912, 0, 301, 1
/home/benjamin/Master_Thesis_Workspace/Data/Video_Data/Short_Objects_bottom.mkv,39, 1313, 30.7281, 94.6721, 0, 302, 1
/home/benjamin/Master_Thesis_Workspace/Data/Video_Data/Short_Objects_bottom.mkv,40, 1412, 27.8994, 94.2587, 0, 302, 1
/home/benjamin/Master_Thesis_Workspace/Data/Video_Data/Short_Objects_bottom.mkv,41, 1285, 28.4408, 93.2943, 0, 301, 1
/home/benjamin/Master_Thesis_Workspace/Data/Video_Data/Short_Objects_bottom.mkv,42, 1290, 28.3031, 92.1379, 0, 301, 1
/home/benjamin/Master_Thesis_Workspace/Data/Video_Data/Short_Objects_bottom.mkv,43, 1268, 27.9337, 91.8842, 0, 301, 1
/home/benjamin/Master_Thesis_Workspace/Data/Video_Data/Short_Objects_bottom.mkv,44, 1316, 29.721, 85.1567, 0, 302, 1
/home/benjamin/Master_Thesis_Workspace/Data/Video_Data/Short_Objects_bottom.mkv,45, 1258, 28.2769, 90.3626, 0, 302, 1
/home/benjamin/Master_Thesis_Workspace/Data/Video_Data/Short_Objects_bottom.mkv,46, 1218, 30.2131, 86.364, 0, 302, 1
/home/benjamin/Master_Thesis_Workspace/Data/Video_Data/Short_Objects_bottom.mkv,47, 1204, 30.3941, 86.1863, 0, 303, 1
/home/benjamin/Master_Thesis_Workspace/Data/Video_Data/Short_Objects_bottom.mkv,48, 1220, 30.1873, 93.7697, 0, 302, 1
/home/benjamin/Master_Thesis_Workspace/Data/Video_Data/Short_Objects_bottom.mkv,49, 1268, 30.1219, 94.9052, 0, 304, 1
/home/benjamin/Master_Thesis_Workspace/Data/Video_Data/Short_Objects_bottom.mkv,0, 1078, 36.6174, 82.1372, 0, 307, 2
/home/benjamin/Master_Thesis_Workspace/Data/Video_Data/Short_Objects_bottom.mkv,1, 1129, 35.0963, 86.1477, 0, 302, 2
/home/benjamin/Master_Thesis_Workspace/Data/Video_Data/Short_Objects_bottom.mkv,2, 1079, 35.084, 77.7862, 0, 302, 2
/home/benjamin/Master_Thesis_Workspace/Data/Video_Data/Short_Objects_bottom.mkv,3, 1091, 34.4829, 81.4808, 0, 302, 2
/home/benjamin/Master_Thesis_Workspace/Data/Video_Data/Short_Objects_bottom.mkv,4, 1112, 32.1466, 83.2046, 0, 301, 2
/home/benjamin/Master_Thesis_Workspace/Data/Video_Data/Short_Objects_bottom.mkv,5, 980, 39.81, 78.3392, 1, 302, 2
/home/benjamin/Master_Thesis_Workspace/Data/Video_Data/Short_Objects_bottom.mkv,6, 1083, 30.4377, 87.3491, 0, 301, 2
/home/benjamin/Master_Thesis_Workspace/Data/Video_Data/Short_Objects_bottom.mkv,7, 1180, 28.3458, 87.7687, 0, 301, 2
/home/benjamin/Master_Thesis_Workspace/Data/Video_Data/Short_Objects_bottom.mkv,8, 1152, 27.9175, 87.5281, 0, 301, 2
/home/benjamin/Master_Thesis_Workspace/Data/Video_Data/Short_Objects_bottom.mkv,9, 1211, 25.6841, 90.0901, 0, 300, 2
/home/benjamin/Master_Thesis_Workspace/Data/Video_Data/Short_Objects_bottom.mkv,10, 1273, 24.3312, 85.2897, 0, 301, 2
/home/benjamin/Master_Thesis_Workspace/Data/Video_Data/Short_Objects_bottom.mkv,11, 1317, 24.728, 92.5748, 0, 301, 2
/home/benjamin/Master_Thesis_Workspace/Data/Video_Data/Short_Objects_bottom.mkv,12, 1321, 24.4242, 90.817, 0, 300, 2
/home/benjamin/Master_Thesis_Workspace/Data/Video_Data/Short_Objects_bottom.mkv,13, 1385, 24.0034, 91.6802, 0, 300, 2
/home/benjamin/Master_Thesis_Workspace/Data/Video_Data/Short_Objects_bottom.mkv,14, 1324, 24.4341, 94.5097, 0, 300, 2
/home/benjamin/Master_Thesis_Workspace/Data/Video_Data/Short_Objects_bottom.mkv,15, 1337, 24.4496, 91.8076, 0, 301, 2
/home/benjamin/Master_Thesis_Workspace/Data/Video_Data/Short_Objects_bottom.mkv,16, 1327, 23.5723, 90.8232, 0, 300, 2
/home/benjamin/Master_Thesis_Workspace/Data/Video_Data/Short_Objects_bottom.mkv,17, 1418, 24.7687, 91.1803, 0, 300, 2
/home/benjamin/Master_Thesis_Workspace/Data/Video_Data/Short_Objects_bottom.mkv,18, 1421, 23.4981, 94.991, 0, 300, 2
/home/benjamin/Master_Thesis_Workspace/Data/Video_Data/Short_Objects_bottom.mkv,19, 1490, 25.0492, 95.5307, 0, 301, 2
/home/benjamin/Master_Thesis_Workspace/Data/Video_Data/Short_Objects_bottom.mkv,20, 1534, 24.1478, 90.9642, 0, 301, 2
/home/benjamin/Master_Thesis_Workspace/Data/Video_Data/Short_Objects_bottom.mkv,21, 1449, 25.0344, 91.0805, 0, 301, 2
/home/benjamin/Master_Thesis_Workspace/Data/Video_Data/Short_Objects_bottom.mkv,22, 1384, 24.5542, 94.7003, 0, 300, 2
/home/benjamin/Master_Thesis_Workspace/Data/Video_Data/Short_Objects_bottom.mkv,23, 1466, 25.4731, 91.3634, 0, 301, 2
/home/benjamin/Master_Thesis_Workspace/Data/Video_Data/Short_Objects_bottom.mkv,24, 1478, 24.3371, 93.8406, 0, 301, 2
/home/benjamin/Master_Thesis_Workspace/Data/Video_Data/Short_Objects_bottom.mkv,25, 1413, 24.0776, 91.4773, 0, 301, 2
/home/benjamin/Master_Thesis_Workspace/Data/Video_Data/Short_Objects_bottom.mkv,26, 1421, 24.9179, 91.7703, 0, 301, 2
/home/benjamin/Master_Thesis_Workspace/Data/Video_Data/Short_Objects_bottom.mkv,27, 1422, 24.4617, 90.3557, 0, 301, 2
/home/benjamin/Master_Thesis_Workspace/Data/Video_Data/Short_Objects_bottom.mkv,28, 1366, 26.3491, 93.4115, 0, 301, 2
/home/benjamin/Master_Thesis_Workspace/Data/Video_Data/Short_Objects_bottom.mkv,29, 1426, 25.4029, 93.2427, 0, 302, 2
/home/benjamin/Master_Thesis_Workspace/Data/Video_Data/Short_Objects_bottom.mkv,30, 1450, 26.733, 90.9598, 0, 302, 2
/home/benjamin/Master_Thesis_Workspace/Data/Video_Data/Short_Objects_bottom.mkv,31, 1364, 26.2323, 90.6805, 0, 300, 2
/home/benjamin/Master_Thesis_Workspace/Data/Video_Data/Short_Objects_bottom.mkv,32, 1354, 26.2246, 91.273, 0, 302, 2
/home/benjamin/Master_Thesis_Workspace/Data/Video_Data/Short_Objects_bottom.mkv,33, 1399, 25.5471, 90.4695, 0, 301, 2
/home/benjamin/Master_Thesis_Workspace/Data/Video_Data/Short_Objects_bottom.mkv,34, 1426, 26.9435, 90.9023, 0, 301, 2
/home/benjamin/Master_Thesis_Workspace/Data/Video_Data/Short_Objects_bottom.mkv,35, 1311, 25.3134, 91.7251, 0, 301, 2
/home/benjamin/Master_Thesis_Workspace/Data/Video_Data/Short_Objects_bottom.mkv,36, 1372, 25.2, 93.9521, 0, 301, 2
/home/benjamin/Master_Thesis_Workspace/Data/Video_Data/Short_Objects_bottom.mkv,37, 1506, 24.7398, 92.4607, 0, 301, 2
/home/benjamin/Master_Thesis_Workspace/Data/Video_Data/Short_Objects_bottom.mkv,38, 1412, 25.7145, 93.0666, 0, 301, 2
/home/benjamin/Master_Thesis_Workspace/Data/Video_Data/Short_Objects_bottom.mkv,39, 1428, 27.7716, 93.661, 0, 301, 2
/home/benjamin/Master_Thesis_Workspace/Data/Video_Data/Short_Objects_bottom.mkv,40, 1538, 24.9814, 94.4828, 0, 301, 2
/home/benjamin/Master_Thesis_Workspace/Data/Video_Data/Short_Objects_bottom.mkv,41, 1361, 25.6327, 92.8443, 0, 300, 2
/home/benjamin/Master_Thesis_Workspace/Data/Video_Data/Short_Objects_bottom.mkv,42, 1441, 25.1057, 94.7448, 0, 301, 2
/home/benjamin/Master_Thesis_Workspace/Data/Video_Data/Short_Objects_bottom.mkv,43, 1410, 25.0433, 91.3706, 0, 301, 2
/home/benjamin/Master_Thesis_Workspace/Data/Video_Data/Short_Objects_bottom.mkv,44, 1420, 26.8476, 90.2756, 0, 302, 2
/home/benjamin/Master_Thesis_Workspace/Data/Video_Data/Short_Objects_bottom.mkv,45, 1401, 25.0908, 89.9624, 0, 301, 2
/home/benjamin/Master_Thesis_Workspace/Data/Video_Data/Short_Objects_bottom.mkv,46, 1357, 27.0529, 89.3477, 0, 301, 2
/home/benjamin/Master_Thesis_Workspace/Data/Video_Data/Short_Objects_bottom.mkv,47, 1321, 27.4136, 93.9919, 0, 301, 2
/home/benjamin/Master_Thesis_Workspace/Data/Video_Data/Short_Objects_bottom.mkv,48, 1345, 27.4615, 93.1438, 0, 301, 2
/home/benjamin/Master_Thesis_Workspace/Data/Video_Data/Short_Objects_bottom.mkv,49, 1431, 27.1019, 94.6356, 0, 302, 2
/home/benjamin/Master_Thesis_Workspace/Data/Video_Data/Short_Objects_bottom.mkv,0, 1153, 35.019, 80.7912, 0, 306, 3
/home/benjamin/Master_Thesis_Workspace/Data/Video_Data/Short_Objects_bottom.mkv,1, 1197, 33.6837, 84.921, 0, 302, 3
/home/benjamin/Master_Thesis_Workspace/Data/Video_Data/Short_Objects_bottom.mkv,2, 1161, 33.2224, 80.0959, 0, 297, 3
/home/benjamin/Master_Thesis_Workspace/Data/Video_Data/Short_Objects_bottom.mkv,3, 1167, 32.6306, 79.7343, 0, 297, 3
/home/benjamin/Master_Thesis_Workspace/Data/Video_Data/Short_Objects_bottom.mkv,4, 1177, 30.4245, 81.6014, 0, 297, 3
/home/benjamin/Master_Thesis_Workspace/Data/Video_Data/Short_Objects_bottom.mkv,5, 1067, 37.7337, 76.3053, 1, 298, 3
/home/benjamin/Master_Thesis_Workspace/Data/Video_Data/Short_Objects_bottom.mkv,6, 1156, 28.8828, 86.1923, 0, 297, 3
/home/benjamin/Master_Thesis_Workspace/Data/Video_Data/Short_Objects_bottom.mkv,7, 1264, 26.6144, 87.5407, 0, 296, 3
/home/benjamin/Master_Thesis_Workspace/Data/Video_Data/Short_Objects_bottom.mkv,8, 1266, 26.1688, 88.4168, 0, 296, 3
/home/benjamin/Master_Thesis_Workspace/Data/Video_Data/Short_Objects_bottom.mkv,9, 1277, 24.3135, 89.7287, 0, 295, 3
/home/benjamin/Master_Thesis_Workspace/Data/Video_Data/Short_Objects_bottom.mkv,10, 1345, 23.0401, 89.2666, 0, 295, 3
/home/benjamin/Master_Thesis_Workspace/Data/Video_Data/Short_Objects_bottom.mkv,11, 1383, 23.3408, 92.2694, 0, 296, 3
/home/benjamin/Master_Thesis_Workspace/Data/Video_Data/Short_Objects_bottom.mkv,12, 1403, 22.9388, 93.6326, 0, 296, 3
/home/benjamin/Master_Thesis_Workspace/Data/Video_Data/Short_Objects_bottom.mkv,13, 1467, 22.6215, 91.5117, 0, 295, 3
/home/benjamin/Master_Thesis_Workspace/Data/Video_Data/Short_Objects_bottom.mkv,14, 1406, 22.9924, 94.2507, 0, 295, 3
/home/benjamin/Master_Thesis_Workspace/Data/Video_Data/Short_Objects_bottom.mkv,15, 1430, 22.7661, 91.2874, 0, 296, 3
/home/benjamin/Master_Thesis_Workspace/Data/Video_Data/Short_Objects_bottom.mkv,16, 1402, 22.2912, 90.7984, 0, 296, 3
/home/benjamin/Master_Thesis_Workspace/Data/Video_Data/Short_Objects_bottom.mkv,17, 1504, 23.2311, 91.0799, 0, 295, 3
/home/benjamin/Master_Thesis_Workspace/Data/Video_Data/Short_Objects_bottom.mkv,18, 1483, 22.3836, 94.8845, 0, 295, 3
/home/benjamin/Master_Thesis_Workspace/Data/Video_Data/Short_Objects_bottom.mkv,19, 1562, 23.7073, 95.4214, 0, 296, 3
/home/benjamin/Master_Thesis_Workspace/Data/Video_Data/Short_Objects_bottom.mkv,20, 1600, 23.1718, 90.5513, 0, 296, 3
/home/benjamin/Master_Thesis_Workspace/Data/Video_Data/Short_Objects_bottom.mkv,21, 1526, 23.7778, 94.1744, 0, 296, 3
/home/benjamin/Master_Thesis_Workspace/Data/Video_Data/Short_Objects_bottom.mkv,22, 1446, 23.315, 94.1228, 0, 296, 3
/home/benjamin/Master_Thesis_Workspace/Data/Video_Data/Short_Objects_bottom.mkv,23, 1533, 24.0089, 91.3726, 0, 296, 3
/home/benjamin/Master_Thesis_Workspace/Data/Video_Data/Short_Objects_bottom.mkv,24, 1562, 22.9922, 93.5252, 0, 296, 3
/home/benjamin/Master_Thesis_Workspace/Data/Video_Data/Short_Objects_bottom.mkv,25, 1481, 22.7921, 91.2846, 0, 300, 3
/home/benjamin/Master_Thesis_Workspace/Data/Video_Data/Short_Objects_bottom.mkv,26, 1495, 23.4824, 94.6823, 0, 297, 3
/home/benjamin/Master_Thesis_Workspace/Data/Video_Data/Short_Objects_bottom.mkv,27, 1504, 23.1742, 89.7219, 0, 297, 3
/home/benjamin/Master_Thesis_Workspace/Data/Video_Data/Short_Objects_bottom.mkv,28, 1447, 24.7367, 93.2399, 0, 296, 3
/home/benjamin/Master_Thesis_Workspace/Data/Video_Data/Short_Objects_bottom.mkv,29, 1505, 24.2089, 93.735, 0, 296, 3
/home/benjamin/Master_Thesis_Workspace/Data/Video_Data/Short_Objects_bottom.mkv,30, 1546, 25.4263, 91.0533, 0, 296, 3
/home/benjamin/Master_Thesis_Workspace/Data/Video_Data/Short_Objects_bottom.mkv,31, 1421, 25.0127, 93.4048, 0, 296, 3
/home/benjamin/Master_Thesis_Workspace/Data/Video_Data/Short_Objects_bottom.mkv,32, 1419, 24.9987, 90.6446, 0, 296, 3
/home/benjamin/Master_Thesis_Workspace/Data/Video_Data/Short_Objects_bottom.mkv,33, 1477, 24.0883, 90.8197, 0, 296, 3
/home/benjamin/Master_Thesis_Workspace/Data/Video_Data/Short_Objects_bottom.mkv,34, 1513, 25.3545, 90.4736, 0, 296, 3
/home/benjamin/Master_Thesis_Workspace/Data/Video_Data/Short_Objects_bottom.mkv,35, 1392, 23.7935, 91.3723, 0, 295, 3
/home/benjamin/Master_Thesis_Workspace/Data/Video_Data/Short_Objects_bottom.mkv,36, 1449, 23.8511, 93.7745, 0, 295, 3
/home/benjamin/Master_Thesis_Workspace/Data/Video_Data/Short_Objects_bottom.mkv,37, 1579, 23.4347, 94.6408, 0, 297, 3
/home/benjamin/Master_Thesis_Workspace/Data/Video_Data/Short_Objects_bottom.mkv,38, 1473, 24.345, 93.2568, 0, 297, 3
/home/benjamin/Master_Thesis_Workspace/Data/Video_Data/Short_Objects_bottom.mkv,39, 1523, 26.0876, 93.8836, 0, 298, 3
/home/benjamin/Master_Thesis_Workspace/Data/Video_Data/Short_Objects_bottom.mkv,40, 1621, 23.4793, 93.9908, 0, 297, 3
/home/benjamin/Master_Thesis_Workspace/Data/Video_Data/Short_Objects_bottom.mkv,41, 1446, 24.2128, 92.7911, 0, 297, 3
/home/benjamin/Master_Thesis_Workspace/Data/Video_Data/Short_Objects_bottom.mkv,42, 1510, 24.0568, 94.4468, 0, 297, 3
/home/benjamin/Master_Thesis_Workspace/Data/Video_Data/Short_Objects_bottom.mkv,43, 1487, 23.6922, 91.2563, 0, 298, 3
/home/benjamin/Master_Thesis_Workspace/Data/Video_Data/Short_Objects_bottom.mkv,44, 1494, 25.6005, 93.9698, 0, 296, 3
/home/benjamin/Master_Thesis_Workspace/Data/Video_Data/Short_Objects_bottom.mkv,45, 1468, 23.8957, 91.3398, 0, 296, 3
/home/benjamin/Master_Thesis_Workspace/Data/Video_Data/Short_Objects_bottom.mkv,46, 1444, 25.5116, 93.7713, 0, 296, 3
/home/benjamin/Master_Thesis_Workspace/Data/Video_Data/Short_Objects_bottom.mkv,47, 1407, 25.8112, 94.3113, 0, 296, 3
/home/benjamin/Master_Thesis_Workspace/Data/Video_Data/Short_Objects_bottom.mkv,48, 1427, 25.9765, 92.6865, 0, 296, 3
/home/benjamin/Master_Thesis_Workspace/Data/Video_Data/Short_Objects_bottom.mkv,49, 1503, 25.7132, 93.8523, 0, 296, 3
/home/benjamin/Master_Thesis_Workspace/Data/Video_Data/Short_Objects_bottom.mkv,0, 1284, 32.951, 79.1147, 0, 297, 4
/home/benjamin/Master_Thesis_Workspace/Data/Video_Data/Short_Objects_bottom.mkv,1, 1264, 32.5002, 83.8297, 0, 296, 4
/home/benjamin/Master_Thesis_Workspace/Data/Video_Data/Short_Objects_bottom.mkv,2, 1258, 31.6082, 79.3385, 0, 298, 4
/home/benjamin/Master_Thesis_Workspace/Data/Video_Data/Short_Objects_bottom.mkv,3, 1230, 31.2502, 82.2544, 0, 298, 4
/home/benjamin/Master_Thesis_Workspace/Data/Video_Data/Short_Objects_bottom.mkv,4, 1271, 28.9249, 80.3913, 0, 298, 4
/home/benjamin/Master_Thesis_Workspace/Data/Video_Data/Short_Objects_bottom.mkv,5, 1146, 36.1187, 75.448, 1, 297, 4
/home/benjamin/Master_Thesis_Workspace/Data/Video_Data/Short_Objects_bottom.mkv,6, 1256, 27.4055, 84.8468, 0, 297, 4
/home/benjamin/Master_Thesis_Workspace/Data/Video_Data/Short_Objects_bottom.mkv,7, 1352, 24.9114, 86.6866, 0, 296, 4
/home/benjamin/Master_Thesis_Workspace/Data/Video_Data/Short_Objects_bottom.mkv,8, 1357, 24.6004, 89.0518, 0, 296, 4
/home/benjamin/Master_Thesis_Workspace/Data/Video_Data/Short_Objects_bottom.mkv,9, 1342, 23.2058, 89.576, 0, 295, 4
/home/benjamin/Master_Thesis_Workspace/Data/Video_Data/Short_Objects_bottom.mkv,10, 1410, 21.9599, 89.4674, 0, 296, 4
/home/benjamin/Master_Thesis_Workspace/Data/Video_Data/Short_Objects_bottom.mkv,11, 1519, 21.3259, 91.6169, 0, 297, 4
/home/benjamin/Master_Thesis_Workspace/Data/Video_Data/Short_Objects_bottom.mkv,12, 1488, 21.6883, 93.2646, 0, 296, 4
/home/benjamin/Master_Thesis_Workspace/Data/Video_Data/Short_Objects_bottom.mkv,13, 1514, 21.7384, 94.3837, 0, 295, 4
/home/benjamin/Master_Thesis_Workspace/Data/Video_Data/Short_Objects_bottom.mkv,14, 1486, 21.7198, 96.0967, 0, 295, 4
/home/benjamin/Master_Thesis_Workspace/Data/Video_Data/Short_Objects_bottom.mkv,15, 1489, 21.52, 90.8583, 0, 296, 4
/home/benjamin/Master_Thesis_Workspace/Data/Video_Data/Short_Objects_bottom.mkv,16, 1501, 21.0393, 90.6942, 0, 295, 4
/home/benjamin/Master_Thesis_Workspace/Data/Video_Data/Short_Objects_bottom.mkv,17, 1585, 22.2037, 94.9484, 0, 296, 4
/home/benjamin/Master_Thesis_Workspace/Data/Video_Data/Short_Objects_bottom.mkv,18, 1537, 21.424, 94.3286, 0, 295, 4
/home/benjamin/Master_Thesis_Workspace/Data/Video_Data/Short_Objects_bottom.mkv,19, 1625, 22.7609, 95.4257, 0, 296, 4
/home/benjamin/Master_Thesis_Workspace/Data/Video_Data/Short_Objects_bottom.mkv,20, 1652, 22.0822, 90.0667, 0, 296, 4
/home/benjamin/Master_Thesis_Workspace/Data/Video_Data/Short_Objects_bottom.mkv,21, 1607, 22.621, 93.7338, 0, 296, 4
/home/benjamin/Master_Thesis_Workspace/Data/Video_Data/Short_Objects_bottom.mkv,22, 1525, 21.7522, 96.2204, 0, 296, 4
/home/benjamin/Master_Thesis_Workspace/Data/Video_Data/Short_Objects_bottom.mkv,23, 1613, 22.6961, 94.2192, 0, 296, 4
/home/benjamin/Master_Thesis_Workspace/Data/Video_Data/Short_Objects_bottom.mkv,24, 1609, 21.9192, 93.4522, 0, 296, 4
/home/benjamin/Master_Thesis_Workspace/Data/Video_Data/Short_Objects_bottom.mkv,25, 1585, 21.4115, 93.5718, 0, 296, 4
/home/benjamin/Master_Thesis_Workspace/Data/Video_Data/Short_Objects_bottom.mkv,26, 1581, 22.119, 96.91, 0, 297, 4
/home/benjamin/Master_Thesis_Workspace/Data/Video_Data/Short_Objects_bottom.mkv,27, 1582, 22.0779, 92.4844, 0, 297, 4
/home/benjamin/Master_Thesis_Workspace/Data/Video_Data/Short_Objects_bottom.mkv,28, 1530, 23.3622, 92.9078, 0, 297, 4
/home/benjamin/Master_Thesis_Workspace/Data/Video_Data/Short_Objects_bottom.mkv,29, 1558, 23.0322, 93.6013, 0, 296, 4
/home/benjamin/Master_Thesis_Workspace/Data/Video_Data/Short_Objects_bottom.mkv,30, 1593, 24.438, 90.7392, 0, 298, 4
/home/benjamin/Master_Thesis_Workspace/Data/Video_Data/Short_Objects_bottom.mkv,31, 1468, 23.6918, 92.9302, 0, 296, 4
/home/benjamin/Master_Thesis_Workspace/Data/Video_Data/Short_Objects_bottom.mkv,32, 1471, 23.5749, 90.028, 0, 295, 4
/home/benjamin/Master_Thesis_Workspace/Data/Video_Data/Short_Objects_bottom.mkv,33, 1540, 22.9224, 93.2823, 0, 296, 4
/home/benjamin/Master_Thesis_Workspace/Data/Video_Data/Short_Objects_bottom.mkv,34, 1575, 24.0562, 90.0785, 0, 297, 4
/home/benjamin/Master_Thesis_Workspace/Data/Video_Data/Short_Objects_bottom.mkv,35, 1505, 22.07, 90.6575, 0, 296, 4
/home/benjamin/Master_Thesis_Workspace/Data/Video_Data/Short_Objects_bottom.mkv,36, 1527, 22.5195, 95.8886, 0, 296, 4
/home/benjamin/Master_Thesis_Workspace/Data/Video_Data/Short_Objects_bottom.mkv,37, 1654, 22.2683, 96.3637, 0, 296, 4
/home/benjamin/Master_Thesis_Workspace/Data/Video_Data/Short_Objects_bottom.mkv,38, 1551, 23.1493, 93.2822, 0, 296, 4
/home/benjamin/Master_Thesis_Workspace/Data/Video_Data/Short_Objects_bottom.mkv,39, 1636, 24.3934, 94.5909, 0, 296, 4
/home/benjamin/Master_Thesis_Workspace/Data/Video_Data/Short_Objects_bottom.mkv,40, 1676, 22.4849, 93.8599, 0, 296, 4
/home/benjamin/Master_Thesis_Workspace/Data/Video_Data/Short_Objects_bottom.mkv,41, 1523, 22.7661, 92.2773, 0, 296, 4
/home/benjamin/Master_Thesis_Workspace/Data/Video_Data/Short_Objects_bottom.mkv,42, 1626, 22.6665, 94.3677, 0, 295, 4
/home/benjamin/Master_Thesis_Workspace/Data/Video_Data/Short_Objects_bottom.mkv,43, 1557, 22.3118, 90.4327, 0, 295, 4
/home/benjamin/Master_Thesis_Workspace/Data/Video_Data/Short_Objects_bottom.mkv,44, 1580, 24.3842, 94.9777, 0, 296, 4
/home/benjamin/Master_Thesis_Workspace/Data/Video_Data/Short_Objects_bottom.mkv,45, 1539, 22.6659, 90.8964, 0, 296, 4
/home/benjamin/Master_Thesis_Workspace/Data/Video_Data/Short_Objects_bottom.mkv,46, 1527, 24.1262, 93.1541, 0, 296, 4
/home/benjamin/Master_Thesis_Workspace/Data/Video_Data/Short_Objects_bottom.mkv,47, 1509, 24.5218, 93.7157, 0, 296, 4
/home/benjamin/Master_Thesis_Workspace/Data/Video_Data/Short_Objects_bottom.mkv,48, 1503, 24.6739, 92.7616, 0, 296, 4
/home/benjamin/Master_Thesis_Workspace/Data/Video_Data/Short_Objects_bottom.mkv,49, 1613, 24.4459, 93.895, 0, 297, 4
/home/benjamin/Master_Thesis_Workspace/Data/Video_Data/Short_Objects_bottom.mkv,0, 1383, 31.3062, 77.7705, 0, 298, 5
/home/benjamin/Master_Thesis_Workspace/Data/Video_Data/Short_Objects_bottom.mkv,1, 1344, 31.0692, 82.6427, 0, 298, 5
/home/benjamin/Master_Thesis_Workspace/Data/Video_Data/Short_Objects_bottom.mkv,2, 1338, 30.1026, 78.0559, 0, 297, 5
/home/benjamin/Master_Thesis_Workspace/Data/Video_Data/Short_Objects_bottom.mkv,3, 1300, 29.819, 81.1415, 0, 297, 5
/home/benjamin/Master_Thesis_Workspace/Data/Video_Data/Short_Objects_bottom.mkv,4, 1331, 27.7528, 79.4985, 0, 297, 5
/home/benjamin/Master_Thesis_Workspace/Data/Video_Data/Short_Objects_bottom.mkv,5, 1274, 34.3656, 73.954, 1, 298, 5
/home/benjamin/Master_Thesis_Workspace/Data/Video_Data/Short_Objects_bottom.mkv,6, 1323, 26.0811, 83.753, 0, 297, 5
/home/benjamin/Master_Thesis_Workspace/Data/Video_Data/Short_Objects_bottom.mkv,7, 1454, 23.3554, 89.5123, 0, 296, 5
/home/benjamin/Master_Thesis_Workspace/Data/Video_Data/Short_Objects_bottom.mkv,8, 1439, 23.06, 89.0579, 0, 296, 5
/home/benjamin/Master_Thesis_Workspace/Data/Video_Data/Short_Objects_bottom.mkv,9, 1422, 21.7807, 88.776, 0, 297, 5
/home/benjamin/Master_Thesis_Workspace/Data/Video_Data/Short_Objects_bottom.mkv,10, 1451, 20.9986, 88.8305, 0, 296, 5
/home/benjamin/Master_Thesis_Workspace/Data/Video_Data/Short_Objects_bottom.mkv,11, 1600, 20.0549, 91.0677, 0, 296, 5
/home/benjamin/Master_Thesis_Workspace/Data/Video_Data/Short_Objects_bottom.mkv,12, 1581, 20.0678, 92.6747, 0, 296, 5
/home/benjamin/Master_Thesis_Workspace/Data/Video_Data/Short_Objects_bottom.mkv,13, 1583, 20.5305, 96.5051, 0, 296, 5
/home/benjamin/Master_Thesis_Workspace/Data/Video_Data/Short_Objects_bottom.mkv,14, 1527, 20.7392, 96.3088, 0, 296, 5
/home/benjamin/Master_Thesis_Workspace/Data/Video_Data/Short_Objects_bottom.mkv,15, 1569, 20.2795, 94.2252, 0, 296, 5
/home/benjamin/Master_Thesis_Workspace/Data/Video_Data/Short_Objects_bottom.mkv,16, 1577, 19.9407, 90.5133, 0, 296, 5
/home/benjamin/Master_Thesis_Workspace/Data/Video_Data/Short_Objects_bottom.mkv,17, 1683, 20.8723, 97.2511, 0, 296, 5
/home/benjamin/Master_Thesis_Workspace/Data/Video_Data/Short_Objects_bottom.mkv,18, 1608, 20.2891, 97.0544, 0, 296, 5
/home/benjamin/Master_Thesis_Workspace/Data/Video_Data/Short_Objects_bottom.mkv,19, 1708, 21.5152, 97.2151, 0, 296, 5
/home/benjamin/Master_Thesis_Workspace/Data/Video_Data/Short_Objects_bottom.mkv,20, 1738, 20.8034, 92.1072, 0, 296, 5
/home/benjamin/Master_Thesis_Workspace/Data/Video_Data/Short_Objects_bottom.mkv,21, 1707, 21.2342, 93.6205, 0, 297, 5
/home/benjamin/Master_Thesis_Workspace/Data/Video_Data/Short_Objects_bottom.mkv,22, 1603, 20.504, 96.0693, 0, 296, 5
/home/benjamin/Master_Thesis_Workspace/Data/Video_Data/Short_Objects_bottom.mkv,23, 1694, 21.4699, 94.1975, 0, 297, 5
/home/benjamin/Master_Thesis_Workspace/Data/Video_Data/Short_Objects_bottom.mkv,24, 1665, 20.8053, 93.3445, 0, 297, 5
/home/benjamin/Master_Thesis_Workspace/Data/Video_Data/Short_Objects_bottom.mkv,25, 1648, 20.3353, 96.2499, 0, 296, 5
/home/benjamin/Master_Thesis_Workspace/Data/Video_Data/Short_Objects_bottom.mkv,26, 1646, 21.0671, 96.397, 0, 297, 5
/home/benjamin/Master_Thesis_Workspace/Data/Video_Data/Short_Objects_bottom.mkv,27, 1692, 20.4755, 92.6056, 0, 296, 5
/home/benjamin/Master_Thesis_Workspace/Data/Video_Data/Short_Objects_bottom.mkv,28, 1622, 22.1545, 92.4591, 0, 296, 5
/home/benjamin/Master_Thesis_Workspace/Data/Video_Data/Short_Objects_bottom.mkv,29, 1648, 21.7054, 93.2058, 0, 296, 5
/home/benjamin/Master_Thesis_Workspace/Data/Video_Data/Short_Objects_bottom.mkv,30, 1676, 23.1092, 93.1546, 0, 296, 5
/home/benjamin/Master_Thesis_Workspace/Data/Video_Data/Short_Objects_bottom.mkv,31, 1525, 22.5593, 92.7557, 0, 296, 5
/home/benjamin/Master_Thesis_Workspace/Data/Video_Data/Short_Objects_bottom.mkv,32, 1538, 22.2788, 95.6112, 0, 296, 5
/home/benjamin/Master_Thesis_Workspace/Data/Video_Data/Short_Objects_bottom.mkv,33, 1611, 21.8724, 93.2458, 0, 296, 5
/home/benjamin/Master_Thesis_Workspace/Data/Video_Data/Short_Objects_bottom.mkv,34, 1638, 22.7247, 89.5663, 0, 296, 5
/home/benjamin/Master_Thesis_Workspace/Data/Video_Data/Short_Objects_bottom.mkv,35, 1605, 20.8935, 90.4568, 0, 296, 5
/home/benjamin/Master_Thesis_Workspace/Data/Video_Data/Short_Objects_bottom.mkv,36, 1647, 20.8557, 96.3705, 0, 296, 5
/home/benjamin/Master_Thesis_Workspace/Data/Video_Data/Short_Objects_bottom.mkv,37, 1733, 20.9631, 95.869, 0, 296, 5
/home/benjamin/Master_Thesis_Workspace/Data/Video_Data/Short_Objects_bottom.mkv,38, 1622, 22.0901, 92.8319, 0, 297, 5
/home/benjamin/Master_Thesis_Workspace/Data/Video_Data/Short_Objects_bottom.mkv,39, 1757, 22.5764, 96.3209, 0, 296, 5
/home/benjamin/Master_Thesis_Workspace/Data/Video_Data/Short_Objects_bottom.mkv,40, 1749, 21.1207, 93.5554, 0, 296, 5
/home/benjamin/Master_Thesis_Workspace/Data/Video_Data/Short_Objects_bottom.mkv,41, 1603, 21.4548, 91.8769, 0, 296, 5
/home/benjamin/Master_Thesis_Workspace/Data/Video_Data/Short_Objects_bottom.mkv,42, 1704, 21.5279, 94.3581, 0, 296, 5
/home/benjamin/Master_Thesis_Workspace/Data/Video_Data/Short_Objects_bottom.mkv,43, 1657, 21.036, 94.4178, 0, 296, 5
/home/benjamin/Master_Thesis_Workspace/Data/Video_Data/Short_Objects_bottom.mkv,44, 1646, 23.1348, 96.5639, 0, 297, 5
/home/benjamin/Master_Thesis_Workspace/Data/Video_Data/Short_Objects_bottom.mkv,45, 1632, 21.2614, 95.5828, 0, 296, 5
/home/benjamin/Master_Thesis_Workspace/Data/Video_Data/Short_Objects_bottom.mkv,46, 1607, 22.7383, 92.933, 0, 297, 5
/home/benjamin/Master_Thesis_Workspace/Data/Video_Data/Short_Objects_bottom.mkv,47, 1636, 22.8243, 93.244, 0, 297, 5
/home/benjamin/Master_Thesis_Workspace/Data/Video_Data/Short_Objects_bottom.mkv,48, 1596, 23.5204, 95.2365, 0, 297, 5
/home/benjamin/Master_Thesis_Workspace/Data/Video_Data/Short_Objects_bottom.mkv,49, 1673, 23.4918, 93.6399, 0, 297, 5
/home/benjamin/Master_Thesis_Workspace/Data/Video_Data/Short_Objects_bottom.mkv,0, 1453, 29.921, 76.9154, 0, 302, 6
/home/benjamin/Master_Thesis_Workspace/Data/Video_Data/Short_Objects_bottom.mkv,1, 1428, 29.3365, 81.355, 0, 297, 6
/home/benjamin/Master_Thesis_Workspace/Data/Video_Data/Short_Objects_bottom.mkv,2, 1429, 28.6951, 77.2117, 0, 298, 6
/home/benjamin/Master_Thesis_Workspace/Data/Video_Data/Short_Objects_bottom.mkv,3, 1392, 28.5108, 83.7495, 0, 297, 6
/home/benjamin/Master_Thesis_Workspace/Data/Video_Data/Short_Objects_bottom.mkv,4, 1412, 26.3767, 78.4169, 0, 297, 6
/home/benjamin/Master_Thesis_Workspace/Data/Video_Data/Short_Objects_bottom.mkv,5, 1366, 32.6271, 72.4548, 1, 298, 6
/home/benjamin/Master_Thesis_Workspace/Data/Video_Data/Short_Objects_bottom.mkv,6, 1407, 24.4266, 83.7802, 0, 297, 6
/home/benjamin/Master_Thesis_Workspace/Data/Video_Data/Short_Objects_bottom.mkv,7, 1553, 22.0958, 90.1431, 0, 296, 6
/home/benjamin/Master_Thesis_Workspace/Data/Video_Data/Short_Objects_bottom.mkv,8, 1543, 21.7082, 93.2187, 0, 296, 6
/home/benjamin/Master_Thesis_Workspace/Data/Video_Data/Short_Objects_bottom.mkv,9, 1505, 20.5593, 88.1268, 0, 296, 6
/home/benjamin/Master_Thesis_Workspace/Data/Video_Data/Short_Objects_bottom.mkv,10, 1547, 19.6424, 88.1245, 0, 296, 6
/home/benjamin/Master_Thesis_Workspace/Data/Video_Data/Short_Objects_bottom.mkv,11, 1672, 18.9139, 90.4752, 0, 295, 6
/home/benjamin/Master_Thesis_Workspace/Data/Video_Data/Short_Objects_bottom.mkv,12, 1660, 18.982, 94.7328, 0, 296, 6
/home/benjamin/Master_Thesis_Workspace/Data/Video_Data/Short_Objects_bottom.mkv,13, 1660, 19.4398, 96.1738, 0, 295, 6
/home/benjamin/Master_Thesis_Workspace/Data/Video_Data/Short_Objects_bottom.mkv,14, 1599, 19.7422, 96.4543, 0, 296, 6
/home/benjamin/Master_Thesis_Workspace/Data/Video_Data/Short_Objects_bottom.mkv,15, 1643, 19.0551, 93.8349, 0, 295, 6
/home/benjamin/Master_Thesis_Workspace/Data/Video_Data/Short_Objects_bottom.mkv,16, 1638, 19.0207, 94.3036, 0, 296, 6
/home/benjamin/Master_Thesis_Workspace/Data/Video_Data/Short_Objects_bottom.mkv,17, 1755, 19.8162, 97.006, 0, 296, 6
/home/benjamin/Master_Thesis_Workspace/Data/Video_Data/Short_Objects_bottom.mkv,18, 1679, 19.0879, 96.7158, 0, 296, 6
/home/benjamin/Master_Thesis_Workspace/Data/Video_Data/Short_Objects_bottom.mkv,19, 1808, 20.1849, 97.0272, 0, 296, 6
/home/benjamin/Master_Thesis_Workspace/Data/Video_Data/Short_Objects_bottom.mkv,20, 1822, 19.7313, 95.511, 0, 296, 6
/home/benjamin/Master_Thesis_Workspace/Data/Video_Data/Short_Objects_bottom.mkv,21, 1778, 20.0755, 93.5258, 0, 296, 6
/home/benjamin/Master_Thesis_Workspace/Data/Video_Data/Short_Objects_bottom.mkv,22, 1691, 19.349, 95.8848, 0, 296, 6
/home/benjamin/Master_Thesis_Workspace/Data/Video_Data/Short_Objects_bottom.mkv,23, 1766, 20.2493, 93.9948, 0, 296, 6
/home/benjamin/Master_Thesis_Workspace/Data/Video_Data/Short_Objects_bottom.mkv,24, 1713, 19.7, 93.0798, 0, 296, 6
/home/benjamin/Master_Thesis_Workspace/Data/Video_Data/Short_Objects_bottom.mkv,25, 1715, 19.2336, 96.0123, 0, 296, 6
/home/benjamin/Master_Thesis_Workspace/Data/Video_Data/Short_Objects_bottom.mkv,26, 1715, 20.0263, 96.6878, 0, 296, 6
/home/benjamin/Master_Thesis_Workspace/Data/Video_Data/Short_Objects_bottom.mkv,27, 1751, 19.5494, 92.6111, 0, 296, 6
/home/benjamin/Master_Thesis_Workspace/Data/Video_Data/Short_Objects_bottom.mkv,28, 1683, 21.0789, 92.382, 0, 296, 6
/home/benjamin/Master_Thesis_Workspace/Data/Video_Data/Short_Objects_bottom.mkv,29, 1729, 20.4904, 92.6433, 0, 297, 6
/home/benjamin/Master_Thesis_Workspace/Data/Video_Data/Short_Objects_bottom.mkv,30, 1760, 21.6759, 92.6564, 0, 297, 6
/home/benjamin/Master_Thesis_Workspace/Data/Video_Data/Short_Objects_bottom.mkv,31, 1603, 21.4557, 95.6749, 0, 296, 6
/home/benjamin/Master_Thesis_Workspace/Data/Video_Data/Short_Objects_bottom.mkv,32, 1618, 21.0128, 95.327, 0, 296, 6
/home/benjamin/Master_Thesis_Workspace/Data/Video_Data/Short_Objects_bottom.mkv,33, 1678, 20.7265, 93.0252, 0, 296, 6
/home/benjamin/Master_Thesis_Workspace/Data/Video_Data/Short_Objects_bottom.mkv,34, 1700, 21.5111, 91.8273, 0, 296, 6
/home/benjamin/Master_Thesis_Workspace/Data/Video_Data/Short_Objects_bottom.mkv,35, 1688, 19.6779, 89.9587, 0, 296, 6
/home/benjamin/Master_Thesis_Workspace/Data/Video_Data/Short_Objects_bottom.mkv,36, 1734, 19.4803, 96.2962, 0, 296, 6
/home/benjamin/Master_Thesis_Workspace/Data/Video_Data/Short_Objects_bottom.mkv,37, 1794, 20.2171, 95.8674, 0, 296, 6
/home/benjamin/Master_Thesis_Workspace/Data/Video_Data/Short_Objects_bottom.mkv,38, 1722, 20.5696, 94.3791, 0, 297, 6
/home/benjamin/Master_Thesis_Workspace/Data/Video_Data/Short_Objects_bottom.mkv,39, 1863, 21.3546, 96.3345, 0, 296, 6
/home/benjamin/Master_Thesis_Workspace/Data/Video_Data/Short_Objects_bottom.mkv,40, 1856, 19.7464, 95.485, 0, 295, 6
/home/benjamin/Master_Thesis_Workspace/Data/Video_Data/Short_Objects_bottom.mkv,41, 1668, 20.2024, 93.2313, 0, 296, 6
/home/benjamin/Master_Thesis_Workspace/Data/Video_Data/Short_Objects_bottom.mkv,42, 1807, 20.0335, 96.4982, 0, 296, 6
/home/benjamin/Master_Thesis_Workspace/Data/Video_Data/Short_Objects_bottom.mkv,43, 1735, 19.6313, 93.8899, 0, 296, 6
/home/benjamin/Master_Thesis_Workspace/Data/Video_Data/Short_Objects_bottom.mkv,44, 1749, 21.5014, 96.1366, 0, 295, 6
/home/benjamin/Master_Thesis_Workspace/Data/Video_Data/Short_Objects_bottom.mkv,45, 1750, 20.0479, 95.9219, 0, 296, 6
/home/benjamin/Master_Thesis_Workspace/Data/Video_Data/Short_Objects_bottom.mkv,46, 1695, 21.2119, 93.1512, 0, 296, 6
/home/benjamin/Master_Thesis_Workspace/Data/Video_Data/Short_Objects_bottom.mkv,47, 1751, 21.2272, 95.5503, 0, 296, 6
/home/benjamin/Master_Thesis_Workspace/Data/Video_Data/Short_Objects_bottom.mkv,48, 1668, 22.244, 94.7382, 0, 297, 6
/home/benjamin/Master_Thesis_Workspace/Data/Video_Data/Short_Objects_bottom.mkv,49, 1773, 22.0599, 93.1443, 0, 296, 6
/home/benjamin/Master_Thesis_Workspace/Data/Video_Data/Short_Objects_bottom.mkv,0, 1532, 28.7793, 82.5973, 0, 302, 7
/home/benjamin/Master_Thesis_Workspace/Data/Video_Data/Short_Objects_bottom.mkv,1, 1516, 27.4234, 87.5358, 0, 298, 7
/home/benjamin/Master_Thesis_Workspace/Data/Video_Data/Short_Objects_bottom.mkv,2, 1499, 27.2367, 83.5775, 0, 297, 7
/home/benjamin/Master_Thesis_Workspace/Data/Video_Data/Short_Objects_bottom.mkv,3, 1485, 27.0947, 82.4221, 0, 298, 7
/home/benjamin/Master_Thesis_Workspace/Data/Video_Data/Short_Objects_bottom.mkv,4, 1478, 24.9153, 77.2304, 0, 297, 7
/home/benjamin/Master_Thesis_Workspace/Data/Video_Data/Short_Objects_bottom.mkv,5, 1484, 31.139, 71.4195, 1, 296, 7
/home/benjamin/Master_Thesis_Workspace/Data/Video_Data/Short_Objects_bottom.mkv,6, 1488, 23.1506, 83.4281, 0, 297, 7
/home/benjamin/Master_Thesis_Workspace/Data/Video_Data/Short_Objects_bottom.mkv,7, 1611, 21.0134, 90.5559, 0, 296, 7
/home/benjamin/Master_Thesis_Workspace/Data/Video_Data/Short_Objects_bottom.mkv,8, 1606, 20.5683, 92.7172, 0, 296, 7
/home/benjamin/Master_Thesis_Workspace/Data/Video_Data/Short_Objects_bottom.mkv,9, 1577, 19.6418, 89.1323, 0, 296, 7
/home/benjamin/Master_Thesis_Workspace/Data/Video_Data/Short_Objects_bottom.mkv,10, 1623, 18.1907, 88.4582, 0, 296, 7
/home/benjamin/Master_Thesis_Workspace/Data/Video_Data/Short_Objects_bottom.mkv,11, 1762, 17.6543, 91.0509, 0, 296, 7
/home/benjamin/Master_Thesis_Workspace/Data/Video_Data/Short_Objects_bottom.mkv,12, 1723, 17.9775, 95.4334, 0, 296, 7
/home/benjamin/Master_Thesis_Workspace/Data/Video_Data/Short_Objects_bottom.mkv,13, 1750, 18.2351, 96.6955, 0, 296, 7
/home/benjamin/Master_Thesis_Workspace/Data/Video_Data/Short_Objects_bottom.mkv,14, 1706, 18.5338, 96.7432, 0, 295, 7
/home/benjamin/Master_Thesis_Workspace/Data/Video_Data/Short_Objects_bottom.mkv,15, 1737, 17.6374, 93.8063, 0, 296, 7
/home/benjamin/Master_Thesis_Workspace/Data/Video_Data/Short_Objects_bottom.mkv,16, 1680, 18.1615, 94.1963, 0, 295, 7
/home/benjamin/Master_Thesis_Workspace/Data/Video_Data/Short_Objects_bottom.mkv,17, 1810, 18.8664, 96.9265, 0, 296, 7
/home/benjamin/Master_Thesis_Workspace/Data/Video_Data/Short_Objects_bottom.mkv,18, 1755, 17.983, 96.6696, 0, 296, 7
/home/benjamin/Master_Thesis_Workspace/Data/Video_Data/Short_Objects_bottom.mkv,19, 1902, 18.8778, 97.1531, 0, 296, 7
/home/benjamin/Master_Thesis_Workspace/Data/Video_Data/Short_Objects_bottom.mkv,20, 1875, 18.8297, 96.3669, 0, 296, 7
/home/benjamin/Master_Thesis_Workspace/Data/Video_Data/Short_Objects_bottom.mkv,21, 1852, 19.0222, 93.3031, 0, 296, 7
/home/benjamin/Master_Thesis_Workspace/Data/Video_Data/Short_Objects_bottom.mkv,22, 1758, 18.3828, 96.2934, 0, 295, 7
/home/benjamin/Master_Thesis_Workspace/Data/Video_Data/Short_Objects_bottom.mkv,23, 1849, 19.0883, 93.4999, 0, 296, 7
/home/benjamin/Master_Thesis_Workspace/Data/Video_Data/Short_Objects_bottom.mkv,24, 1817, 18.4585, 92.8974, 0, 296, 7
/home/benjamin/Master_Thesis_Workspace/Data/Video_Data/Short_Objects_bottom.mkv,25, 1773, 18.2138, 95.803, 0, 296, 7
/home/benjamin/Master_Thesis_Workspace/Data/Video_Data/Short_Objects_bottom.mkv,26, 1813, 18.6165, 96.5462, 0, 297, 7
/home/benjamin/Master_Thesis_Workspace/Data/Video_Data/Short_Objects_bottom.mkv,27, 1822, 18.4767, 95.4921, 0, 296, 7
/home/benjamin/Master_Thesis_Workspace/Data/Video_Data/Short_Objects_bottom.mkv,28, 1740, 20.2276, 92.3482, 0, 296, 7
/home/benjamin/Master_Thesis_Workspace/Data/Video_Data/Short_Objects_bottom.mkv,29, 1820, 19.3538, 92.2527, 0, 296, 7
/home/benjamin/Master_Thesis_Workspace/Data/Video_Data/Short_Objects_bottom.mkv,30, 1847, 20.3394, 92.0847, 0, 297, 7
/home/benjamin/Master_Thesis_Workspace/Data/Video_Data/Short_Objects_bottom.mkv,31, 1678, 20.3265, 96.4854, 0, 296, 7
/home/benjamin/Master_Thesis_Workspace/Data/Video_Data/Short_Objects_bottom.mkv,32, 1692, 19.8871, 95.2565, 0, 296, 7
/home/benjamin/Master_Thesis_Workspace/Data/Video_Data/Short_Objects_bottom.mkv,33, 1746, 19.6157, 92.6371, 0, 296, 7
/home/benjamin/Master_Thesis_Workspace/Data/Video_Data/Short_Objects_bottom.mkv,34, 1771, 20.1994, 91.1716, 0, 296, 7
/home/benjamin/Master_Thesis_Workspace/Data/Video_Data/Short_Objects_bottom.mkv,35, 1764, 18.6292, 92.6377, 0, 296, 7
/home/benjamin/Master_Thesis_Workspace/Data/Video_Data/Short_Objects_bottom.mkv,36, 1816, 18.3336, 96.1785, 0, 295, 7
/home/benjamin/Master_Thesis_Workspace/Data/Video_Data/Short_Objects_bottom.mkv,37, 1899, 19.0106, 95.5949, 0, 296, 7
/home/benjamin/Master_Thesis_Workspace/Data/Video_Data/Short_Objects_bottom.mkv,38, 1800, 19.4772, 94.4059, 0, 296, 7
/home/benjamin/Master_Thesis_Workspace/Data/Video_Data/Short_Objects_bottom.mkv,39, 1954, 20.2153, 96.477, 0, 297, 7
/home/benjamin/Master_Thesis_Workspace/Data/Video_Data/Short_Objects_bottom.mkv,40, 1945, 18.6279, 95.0395, 0, 296, 7
/home/benjamin/Master_Thesis_Workspace/Data/Video_Data/Short_Objects_bottom.mkv,41, 1784, 18.5309, 93.3704, 0, 296, 7
/home/benjamin/Master_Thesis_Workspace/Data/Video_Data/Short_Objects_bottom.mkv,42, 1887, 18.7806, 96.5045, 0, 296, 7
/home/benjamin/Master_Thesis_Workspace/Data/Video_Data/Short_Objects_bottom.mkv,43, 1824, 18.4922, 94.0778, 0, 297, 7
/home/benjamin/Master_Thesis_Workspace/Data/Video_Data/Short_Objects_bottom.mkv,44, 1837, 20.2567, 95.8721, 0, 296, 7
/home/benjamin/Master_Thesis_Workspace/Data/Video_Data/Short_Objects_bottom.mkv,45, 1811, 18.982, 95.8207, 0, 296, 7
/home/benjamin/Master_Thesis_Workspace/Data/Video_Data/Short_Objects_bottom.mkv,46, 1801, 19.6973, 92.8132, 0, 296, 7
/home/benjamin/Master_Thesis_Workspace/Data/Video_Data/Short_Objects_bottom.mkv,47, 1840, 19.8525, 96.2795, 0, 297, 7
/home/benjamin/Master_Thesis_Workspace/Data/Video_Data/Short_Objects_bottom.mkv,48, 1778, 20.7036, 94.2973, 0, 296, 7
/home/benjamin/Master_Thesis_Workspace/Data/Video_Data/Short_Objects_bottom.mkv,49, 1876, 20.6257, 95.2331, 0, 296, 7
/home/benjamin/Master_Thesis_Workspace/Data/Video_Data/Short_Objects_bottom.mkv,0, 1629, 27.3599, 82.2627, 0, 298, 8
/home/benjamin/Master_Thesis_Workspace/Data/Video_Data/Short_Objects_bottom.mkv,1, 1631, 25.7217, 86.5643, 0, 297, 8
/home/benjamin/Master_Thesis_Workspace/Data/Video_Data/Short_Objects_bottom.mkv,2, 1615, 25.8325, 84.0342, 0, 298, 8
/home/benjamin/Master_Thesis_Workspace/Data/Video_Data/Short_Objects_bottom.mkv,3, 1600, 25.3339, 81.1336, 0, 297, 8
/home/benjamin/Master_Thesis_Workspace/Data/Video_Data/Short_Objects_bottom.mkv,4, 1591, 23.1771, 75.9879, 0, 297, 8
/home/benjamin/Master_Thesis_Workspace/Data/Video_Data/Short_Objects_bottom.mkv,5, 1598, 29.3914, 76.5871, 1, 299, 8
/home/benjamin/Master_Thesis_Workspace/Data/Video_Data/Short_Objects_bottom.mkv,6, 1579, 21.7741, 83.0509, 0, 297, 8
/home/benjamin/Master_Thesis_Workspace/Data/Video_Data/Short_Objects_bottom.mkv,7, 1713, 19.6612, 90.1127, 0, 296, 8
/home/benjamin/Master_Thesis_Workspace/Data/Video_Data/Short_Objects_bottom.mkv,8, 1684, 19.3599, 92.0854, 0, 296, 8
/home/benjamin/Master_Thesis_Workspace/Data/Video_Data/Short_Objects_bottom.mkv,9, 1654, 18.3948, 88.8547, 0, 296, 8
/home/benjamin/Master_Thesis_Workspace/Data/Video_Data/Short_Objects_bottom.mkv,10, 1667, 17.4273, 90.5407, 0, 295, 8
/home/benjamin/Master_Thesis_Workspace/Data/Video_Data/Short_Objects_bottom.mkv,11, 1885, 16.5837, 95.1882, 0, 296, 8
/home/benjamin/Master_Thesis_Workspace/Data/Video_Data/Short_Objects_bottom.mkv,12, 1779, 17.068, 95.9572, 0, 296, 8
/home/benjamin/Master_Thesis_Workspace/Data/Video_Data/Short_Objects_bottom.mkv,13, 1820, 17.1829, 96.6517, 0, 295, 8
/home/benjamin/Master_Thesis_Workspace/Data/Video_Data/Short_Objects_bottom.mkv,14, 1784, 17.4033, 97.0945, 0, 296, 8
/home/benjamin/Master_Thesis_Workspace/Data/Video_Data/Short_Objects_bottom.mkv,15, 1792, 16.6207, 93.5972, 0, 295, 8
/home/benjamin/Master_Thesis_Workspace/Data/Video_Data/Short_Objects_bottom.mkv,16, 1754, 17.2365, 94.1112, 0, 295, 8
/home/benjamin/Master_Thesis_Workspace/Data/Video_Data/Short_Objects_bottom.mkv,17, 1898, 17.6823, 97.2067, 0, 296, 8
/home/benjamin/Master_Thesis_Workspace/Data/Video_Data/Short_Objects_bottom.mkv,18, 1851, 16.7645, 97.0634, 0, 296, 8
/home/benjamin/Master_Thesis_Workspace/Data/Video_Data/Short_Objects_bottom.mkv,19, 1963, 17.8716, 96.6656, 0, 296, 8
/home/benjamin/Master_Thesis_Workspace/Data/Video_Data/Short_Objects_bottom.mkv,20, 1943, 17.9099, 96.92, 0, 296, 8
/home/benjamin/Master_Thesis_Workspace/Data/Video_Data/Short_Objects_bottom.mkv,21, 1934, 17.9989, 93.0895, 0, 296, 8
/home/benjamin/Master_Thesis_Workspace/Data/Video_Data/Short_Objects_bottom.mkv,22, 1860, 17.1525, 96.1902, 0, 295, 8
/home/benjamin/Master_Thesis_Workspace/Data/Video_Data/Short_Objects_bottom.mkv,23, 1917, 17.9523, 92.9218, 0, 296, 8
/home/benjamin/Master_Thesis_Workspace/Data/Video_Data/Short_Objects_bottom.mkv,24, 1910, 17.2906, 94.4723, 0, 296, 8
/home/benjamin/Master_Thesis_Workspace/Data/Video_Data/Short_Objects_bottom.mkv,25, 1874, 16.9698, 96.2465, 0, 296, 8
/home/benjamin/Master_Thesis_Workspace/Data/Video_Data/Short_Objects_bottom.mkv,26, 1908, 17.4164, 97.5221, 0, 296, 8
/home/benjamin/Master_Thesis_Workspace/Data/Video_Data/Short_Objects_bottom.mkv,27, 1891, 17.4092, 95.0894, 0, 296, 8
/home/benjamin/Master_Thesis_Workspace/Data/Video_Data/Short_Objects_bottom.mkv,28, 1846, 18.8767, 95.4817, 0, 296, 8
/home/benjamin/Master_Thesis_Workspace/Data/Video_Data/Short_Objects_bottom.mkv,29, 1901, 18.3966, 95.935, 0, 296, 8
/home/benjamin/Master_Thesis_Workspace/Data/Video_Data/Short_Objects_bottom.mkv,30, 1954, 18.9677, 91.7139, 0, 296, 8
/home/benjamin/Master_Thesis_Workspace/Data/Video_Data/Short_Objects_bottom.mkv,31, 1763, 18.5924, 96.2546, 0, 295, 8
/home/benjamin/Master_Thesis_Workspace/Data/Video_Data/Short_Objects_bottom.mkv,32, 1774, 18.5215, 94.9999, 0, 295, 8
/home/benjamin/Master_Thesis_Workspace/Data/Video_Data/Short_Objects_bottom.mkv,33, 1820, 18.5953, 92.4183, 0, 297, 8
/home/benjamin/Master_Thesis_Workspace/Data/Video_Data/Short_Objects_bottom.mkv,34, 1825, 19.2991, 90.7822, 0, 296, 8
/home/benjamin/Master_Thesis_Workspace/Data/Video_Data/Short_Objects_bottom.mkv,35, 1863, 17.3853, 95.6617, 0, 295, 8
/home/benjamin/Master_Thesis_Workspace/Data/Video_Data/Short_Objects_bottom.mkv,36, 1889, 17.2755, 96.5215, 0, 296, 8
/home/benjamin/Master_Thesis_Workspace/Data/Video_Data/Short_Objects_bottom.mkv,37, 1964, 18.0176, 95.2327, 0, 296, 8
/home/benjamin/Master_Thesis_Workspace/Data/Video_Data/Short_Objects_bottom.mkv,38, 1876, 18.2891, 94.9046, 0, 296, 8
/home/benjamin/Master_Thesis_Workspace/Data/Video_Data/Short_Objects_bottom.mkv,39, 2054, 19.1102, 96.0774, 0, 297, 8
/home/benjamin/Master_Thesis_Workspace/Data/Video_Data/Short_Objects_bottom.mkv,40, 2040, 17.3442, 95.4577, 0, 296, 8
/home/benjamin/Master_Thesis_Workspace/Data/Video_Data/Short_Objects_bottom.mkv,41, 1883, 17.2967, 92.8868, 0, 296, 8
/home/benjamin/Master_Thesis_Workspace/Data/Video_Data/Short_Objects_bottom.mkv,42, 2000, 17.2606, 96.0381, 0, 296, 8
/home/benjamin/Master_Thesis_Workspace/Data/Video_Data/Short_Objects_bottom.mkv,43, 1929, 16.998, 93.7031, 0, 296, 8
/home/benjamin/Master_Thesis_Workspace/Data/Video_Data/Short_Objects_bottom.mkv,44, 1991, 18.4953, 95.8799, 0, 296, 8
/home/benjamin/Master_Thesis_Workspace/Data/Video_Data/Short_Objects_bottom.mkv,45, 1936, 17.7263, 95.9819, 0, 296, 8
/home/benjamin/Master_Thesis_Workspace/Data/Video_Data/Short_Objects_bottom.mkv,46, 1893, 18.4533, 94.9005, 0, 296, 8
/home/benjamin/Master_Thesis_Workspace/Data/Video_Data/Short_Objects_bottom.mkv,47, 1920, 18.6806, 96.1971, 0, 296, 8
/home/benjamin/Master_Thesis_Workspace/Data/Video_Data/Short_Objects_bottom.mkv,48, 1863, 19.5216, 94.714, 0, 297, 8
/home/benjamin/Master_Thesis_Workspace/Data/Video_Data/Short_Objects_bottom.mkv,49, 1941, 19.6072, 95.3325, 0, 296, 8
/home/benjamin/Master_Thesis_Workspace/Data/Video_Data/Short_Objects_bottom.mkv,0, 1715, 26.1115, 81.6547, 0, 298, 9
/home/benjamin/Master_Thesis_Workspace/Data/Video_Data/Short_Objects_bottom.mkv,1, 1733, 24.3247, 85.9156, 0, 298, 9
/home/benjamin/Master_Thesis_Workspace/Data/Video_Data/Short_Objects_bottom.mkv,2, 1726, 24.171, 83.8397, 0, 297, 9
/home/benjamin/Master_Thesis_Workspace/Data/Video_Data/Short_Objects_bottom.mkv,3, 1674, 23.8929, 79.8976, 0, 298, 9
/home/benjamin/Master_Thesis_Workspace/Data/Video_Data/Short_Objects_bottom.mkv,4, 1684, 21.8842, 75.0131, 0, 297, 9
/home/benjamin/Master_Thesis_Workspace/Data/Video_Data/Short_Objects_bottom.mkv,5, 1713, 27.8143, 75.9545, 1, 297, 9
/home/benjamin/Master_Thesis_Workspace/Data/Video_Data/Short_Objects_bottom.mkv,6, 1637, 20.6734, 82.4381, 0, 298, 9
/home/benjamin/Master_Thesis_Workspace/Data/Video_Data/Short_Objects_bottom.mkv,7, 1794, 18.5147, 91.1953, 0, 297, 9
/home/benjamin/Master_Thesis_Workspace/Data/Video_Data/Short_Objects_bottom.mkv,8, 1763, 18.2432, 91.9267, 0, 296, 9
/home/benjamin/Master_Thesis_Workspace/Data/Video_Data/Short_Objects_bottom.mkv,9, 1742, 17.0908, 88.2956, 0, 297, 9
/home/benjamin/Master_Thesis_Workspace/Data/Video_Data/Short_Objects_bottom.mkv,10, 1723, 16.6829, 90.2743, 0, 296, 9
/home/benjamin/Master_Thesis_Workspace/Data/Video_Data/Short_Objects_bottom.mkv,11, 1944, 15.6357, 95.2678, 0, 295, 9
/home/benjamin/Master_Thesis_Workspace/Data/Video_Data/Short_Objects_bottom.mkv,12, 1838, 16.1049, 95.6504, 0, 296, 9
/home/benjamin/Master_Thesis_Workspace/Data/Video_Data/Short_Objects_bottom.mkv,13, 1875, 16.2601, 96.3423, 0, 295, 9
/home/benjamin/Master_Thesis_Workspace/Data/Video_Data/Short_Objects_bottom.mkv,14, 1855, 16.4165, 97.0401, 0, 295, 9
/home/benjamin/Master_Thesis_Workspace/Data/Video_Data/Short_Objects_bottom.mkv,15, 1861, 15.6902, 93.415, 0, 296, 9
/home/benjamin/Master_Thesis_Workspace/Data/Video_Data/Short_Objects_bottom.mkv,16, 1845, 16.2113, 93.6626, 0, 295, 9
/home/benjamin/Master_Thesis_Workspace/Data/Video_Data/Short_Objects_bottom.mkv,17, 1966, 16.9238, 97.0145, 0, 296, 9
/home/benjamin/Master_Thesis_Workspace/Data/Video_Data/Short_Objects_bottom.mkv,18, 1912, 15.8517, 98.0667, 0, 297, 9
/home/benjamin/Master_Thesis_Workspace/Data/Video_Data/Short_Objects_bottom.mkv,19, 2024, 17.0063, 97.6676, 0, 296, 9
/home/benjamin/Master_Thesis_Workspace/Data/Video_Data/Short_Objects_bottom.mkv,20, 2000, 17.0061, 96.5289, 0, 297, 9
/home/benjamin/Master_Thesis_Workspace/Data/Video_Data/Short_Objects_bottom.mkv,21, 1986, 17.0207, 93.4292, 0, 297, 9
/home/benjamin/Master_Thesis_Workspace/Data/Video_Data/Short_Objects_bottom.mkv,22, 1909, 16.1697, 95.9918, 0, 295, 9
/home/benjamin/Master_Thesis_Workspace/Data/Video_Data/Short_Objects_bottom.mkv,23, 2002, 16.8087, 92.837, 0, 297, 9
/home/benjamin/Master_Thesis_Workspace/Data/Video_Data/Short_Objects_bottom.mkv,24, 1980, 16.3553, 94.3464, 0, 297, 9
/home/benjamin/Master_Thesis_Workspace/Data/Video_Data/Short_Objects_bottom.mkv,25, 1938, 16.1198, 96.0708, 0, 296, 9
/home/benjamin/Master_Thesis_Workspace/Data/Video_Data/Short_Objects_bottom.mkv,26, 1995, 16.3846, 97.4474, 0, 296, 9
/home/benjamin/Master_Thesis_Workspace/Data/Video_Data/Short_Objects_bottom.mkv,27, 1967, 16.3367, 94.7007, 0, 296, 9
/home/benjamin/Master_Thesis_Workspace/Data/Video_Data/Short_Objects_bottom.mkv,28, 1944, 17.7865, 96.0262, 0, 296, 9
/home/benjamin/Master_Thesis_Workspace/Data/Video_Data/Short_Objects_bottom.mkv,29, 2025, 17.1976, 96.8551, 0, 296, 9
/home/benjamin/Master_Thesis_Workspace/Data/Video_Data/Short_Objects_bottom.mkv,30, 2024, 17.7974, 91.3088, 0, 297, 9
/home/benjamin/Master_Thesis_Workspace/Data/Video_Data/Short_Objects_bottom.mkv,31, 1880, 17.1534, 96.009, 0, 296, 9
/home/benjamin/Master_Thesis_Workspace/Data/Video_Data/Short_Objects_bottom.mkv,32, 1863, 17.2713, 94.5253, 0, 297, 9
/home/benjamin/Master_Thesis_Workspace/Data/Video_Data/Short_Objects_bottom.mkv,33, 1913, 17.2647, 95.5839, 0, 296, 9
/home/benjamin/Master_Thesis_Workspace/Data/Video_Data/Short_Objects_bottom.mkv,34, 1924, 18.1348, 90.6647, 0, 298, 9
/home/benjamin/Master_Thesis_Workspace/Data/Video_Data/Short_Objects_bottom.mkv,35, 1933, 16.4566, 95.3369, 0, 296, 9
/home/benjamin/Master_Thesis_Workspace/Data/Video_Data/Short_Objects_bottom.mkv,36, 1941, 16.3962, 96.3537, 0, 295, 9
/home/benjamin/Master_Thesis_Workspace/Data/Video_Data/Short_Objects_bottom.mkv,37, 2005, 17.2901, 94.8624, 0, 296, 9
/home/benjamin/Master_Thesis_Workspace/Data/Video_Data/Short_Objects_bottom.mkv,38, 1977, 17.0577, 94.9038, 0, 299, 9
/home/benjamin/Master_Thesis_Workspace/Data/Video_Data/Short_Objects_bottom.mkv,39, 2117, 17.9937, 95.5118, 0, 296, 9
/home/benjamin/Master_Thesis_Workspace/Data/Video_Data/Short_Objects_bottom.mkv,40, 2103, 16.4741, 97.0394, 0, 297, 9
/home/benjamin/Master_Thesis_Workspace/Data/Video_Data/Short_Objects_bottom.mkv,41, 1947, 16.3034, 92.4506, 0, 296, 9
/home/benjamin/Master_Thesis_Workspace/Data/Video_Data/Short_Objects_bottom.mkv,42, 2071, 16.3515, 96.3684, 0, 296, 9
/home/benjamin/Master_Thesis_Workspace/Data/Video_Data/Short_Objects_bottom.mkv,43, 1988, 16.0193, 95.2972, 0, 296, 9
/home/benjamin/Master_Thesis_Workspace/Data/Video_Data/Short_Objects_bottom.mkv,44, 2088, 17.1757, 95.1708, 0, 298, 9
/home/benjamin/Master_Thesis_Workspace/Data/Video_Data/Short_Objects_bottom.mkv,45, 2001, 16.7649, 95.9572, 0, 296, 9
/home/benjamin/Master_Thesis_Workspace/Data/Video_Data/Short_Objects_bottom.mkv,46, 2026, 17.1354, 94.6482, 0, 297, 9
/home/benjamin/Master_Thesis_Workspace/Data/Video_Data/Short_Objects_bottom.mkv,47, 2010, 17.4652, 96.2919, 0, 297, 9
/home/benjamin/Master_Thesis_Workspace/Data/Video_Data/Short_Objects_bottom.mkv,48, 1963, 18.2219, 94.5424, 0, 295, 9
/home/benjamin/Master_Thesis_Workspace/Data/Video_Data/Short_Objects_bottom.mkv,49, 2024, 18.3366, 94.8772, 0, 297, 9
/home/benjamin/Master_Thesis_Workspace/Data/Video_Data/Short_Objects_bottom.mkv,0, 1810, 24.8543, 80.957, 0, 297, 10
/home/benjamin/Master_Thesis_Workspace/Data/Video_Data/Short_Objects_bottom.mkv,1, 1811, 23.1506, 85.4371, 0, 297, 10
/home/benjamin/Master_Thesis_Workspace/Data/Video_Data/Short_Objects_bottom.mkv,2, 1822, 23.0075, 83.2556, 0, 298, 10
/home/benjamin/Master_Thesis_Workspace/Data/Video_Data/Short_Objects_bottom.mkv,3, 1782, 22.646, 79.0842, 0, 298, 10
/home/benjamin/Master_Thesis_Workspace/Data/Video_Data/Short_Objects_bottom.mkv,4, 1777, 20.5922, 74.0932, 0, 296, 10
/home/benjamin/Master_Thesis_Workspace/Data/Video_Data/Short_Objects_bottom.mkv,5, 1816, 26.5071, 75.32, 1, 298, 10
/home/benjamin/Master_Thesis_Workspace/Data/Video_Data/Short_Objects_bottom.mkv,6, 1747, 19.4444, 86.7249, 0, 297, 10
/home/benjamin/Master_Thesis_Workspace/Data/Video_Data/Short_Objects_bottom.mkv,7, 1893, 17.442, 90.5866, 0, 296, 10
/home/benjamin/Master_Thesis_Workspace/Data/Video_Data/Short_Objects_bottom.mkv,8, 1867, 16.8903, 91.4891, 0, 296, 10
/home/benjamin/Master_Thesis_Workspace/Data/Video_Data/Short_Objects_bottom.mkv,9, 1805, 16.2191, 87.8548, 0, 297, 10
/home/benjamin/Master_Thesis_Workspace/Data/Video_Data/Short_Objects_bottom.mkv,10, 1784, 15.7084, 89.8193, 0, 295, 10
/home/benjamin/Master_Thesis_Workspace/Data/Video_Data/Short_Objects_bottom.mkv,11, 2000, 14.9026, 95.1377, 0, 295, 10
/home/benjamin/Master_Thesis_Workspace/Data/Video_Data/Short_Objects_bottom.mkv,12, 1882, 15.2878, 95.3268, 0, 297, 10
/home/benjamin/Master_Thesis_Workspace/Data/Video_Data/Short_Objects_bottom.mkv,13, 1931, 15.5556, 96.0936, 0, 295, 10
/home/benjamin/Master_Thesis_Workspace/Data/Video_Data/Short_Objects_bottom.mkv,14, 1922, 15.5523, 96.9579, 0, 296, 10
/home/benjamin/Master_Thesis_Workspace/Data/Video_Data/Short_Objects_bottom.mkv,15, 1901, 15.0309, 93.121, 0, 297, 10
/home/benjamin/Master_Thesis_Workspace/Data/Video_Data/Short_Objects_bottom.mkv,16, 1895, 15.555, 93.4867, 0, 295, 10
/home/benjamin/Master_Thesis_Workspace/Data/Video_Data/Short_Objects_bottom.mkv,17, 2033, 16.1592, 96.6803, 0, 296, 10
/home/benjamin/Master_Thesis_Workspace/Data/Video_Data/Short_Objects_bottom.mkv,18, 1970, 15.1464, 97.8642, 0, 296, 10
/home/benjamin/Master_Thesis_Workspace/Data/Video_Data/Short_Objects_bottom.mkv,19, 2097, 16.0854, 97.4055, 0, 296, 10
/home/benjamin/Master_Thesis_Workspace/Data/Video_Data/Short_Objects_bottom.mkv,20, 2058, 16.0671, 96.0583, 0, 296, 10
/home/benjamin/Master_Thesis_Workspace/Data/Video_Data/Short_Objects_bottom.mkv,21, 2031, 16.1649, 93.3145, 0, 296, 10
/home/benjamin/Master_Thesis_Workspace/Data/Video_Data/Short_Objects_bottom.mkv,22, 1960, 15.5281, 95.8057, 0, 295, 10
/home/benjamin/Master_Thesis_Workspace/Data/Video_Data/Short_Objects_bottom.mkv,23, 2050, 16.1476, 92.6676, 0, 296, 10
/home/benjamin/Master_Thesis_Workspace/Data/Video_Data/Short_Objects_bottom.mkv,24, 2033, 15.5112, 94.0965, 0, 297, 10
/home/benjamin/Master_Thesis_Workspace/Data/Video_Data/Short_Objects_bottom.mkv,25, 2015, 15.0781, 95.6715, 0, 296, 10
/home/benjamin/Master_Thesis_Workspace/Data/Video_Data/Short_Objects_bottom.mkv,26, 2071, 15.5342, 97.3552, 0, 296, 10
/home/benjamin/Master_Thesis_Workspace/Data/Video_Data/Short_Objects_bottom.mkv,27, 2046, 15.5429, 94.6773, 0, 295, 10
/home/benjamin/Master_Thesis_Workspace/Data/Video_Data/Short_Objects_bottom.mkv,28, 2027, 16.7645, 96.4391, 0, 296, 10
/home/benjamin/Master_Thesis_Workspace/Data/Video_Data/Short_Objects_bottom.mkv,29, 2111, 16.18, 96.9243, 0, 296, 10
/home/benjamin/Master_Thesis_Workspace/Data/Video_Data/Short_Objects_bottom.mkv,30, 2083, 16.9619, 90.9904, 0, 297, 10
/home/benjamin/Master_Thesis_Workspace/Data/Video_Data/Short_Objects_bottom.mkv,31, 1963, 16.0465, 95.8795, 0, 295, 10
/home/benjamin/Master_Thesis_Workspace/Data/Video_Data/Short_Objects_bottom.mkv,32, 1935, 16.4518, 94.5538, 0, 295, 10
/home/benjamin/Master_Thesis_Workspace/Data/Video_Data/Short_Objects_bottom.mkv,33, 2005, 16.1445, 95.2045, 0, 296, 10
/home/benjamin/Master_Thesis_Workspace/Data/Video_Data/Short_Objects_bottom.mkv,34, 2008, 17.1422, 90.096, 0, 297, 10
/home/benjamin/Master_Thesis_Workspace/Data/Video_Data/Short_Objects_bottom.mkv,35, 2017, 15.5626, 94.9441, 0, 296, 10
/home/benjamin/Master_Thesis_Workspace/Data/Video_Data/Short_Objects_bottom.mkv,36, 1970, 15.711, 96.345, 0, 295, 10
/home/benjamin/Master_Thesis_Workspace/Data/Video_Data/Short_Objects_bottom.mkv,37, 2081, 16.3771, 94.4097, 0, 296, 10
/home/benjamin/Master_Thesis_Workspace/Data/Video_Data/Short_Objects_bottom.mkv,38, 2054, 16.1863, 94.7759, 0, 297, 10
/home/benjamin/Master_Thesis_Workspace/Data/Video_Data/Short_Objects_bottom.mkv,39, 2179, 17.1258, 95.3345, 0, 296, 10
/home/benjamin/Master_Thesis_Workspace/Data/Video_Data/Short_Objects_bottom.mkv,40, 2141, 15.7543, 96.8655, 0, 296, 10
/home/benjamin/Master_Thesis_Workspace/Data/Video_Data/Short_Objects_bottom.mkv,41, 2015, 15.4337, 92.6059, 0, 296, 10
/home/benjamin/Master_Thesis_Workspace/Data/Video_Data/Short_Objects_bottom.mkv,42, 2098, 15.667, 96.2425, 0, 297, 10
/home/benjamin/Master_Thesis_Workspace/Data/Video_Data/Short_Objects_bottom.mkv,43, 2050, 15.0915, 94.8965, 0, 296, 10
/home/benjamin/Master_Thesis_Workspace/Data/Video_Data/Short_Objects_bottom.mkv,44, 2153, 16.1811, 94.8201, 0, 296, 10
/home/benjamin/Master_Thesis_Workspace/Data/Video_Data/Short_Objects_bottom.mkv,45, 2047, 16.0999, 95.8005, 0, 297, 10
/home/benjamin/Master_Thesis_Workspace/Data/Video_Data/Short_Objects_bottom.mkv,46, 2097, 16.0347, 94.1658, 0, 296, 10
/home/benjamin/Master_Thesis_Workspace/Data/Video_Data/Short_Objects_bottom.mkv,47, 2074, 16.4802, 95.9443, 0, 298, 10
/home/benjamin/Master_Thesis_Workspace/Data/Video_Data/Short_Objects_bottom.mkv,48, 2013, 17.3013, 94.5019, 0, 296, 10
/home/benjamin/Master_Thesis_Workspace/Data/Video_Data/Short_Objects_bottom.mkv,49, 2105, 17.4816, 94.5652, 0, 296, 10
